{
  "checkpoint": "D:\\codewizard 2.0\\checkpoints\\best.pt",
  "val_dir": "D:\\codewizard 2.0\\training\\val\\Color_Images",
  "num_val_samples": 317,
  "miou": 0.07851162552833557,
  "miou_all_classes": 0.07851162552833557,
  "miou_valid_gt_classes": 0.07851162270064849,
  "fw_iou": 0.3974744379520416,
  "global_pixel_accuracy": 0.448105526939844,
  "mean_class_accuracy": 0.15349954460756882,
  "per_class_iou": {
    "id_100": 0.0,
    "id_200": 0.0,
    "id_300": 0.25856709480285645,
    "id_500": 0.0,
    "id_550": 0.0,
    "id_600": 0.0,
    "id_700": 0.0,
    "id_800": 0.0,
    "id_7100": 0.0,
    "id_10000": 0.5265491604804993
  },
  "per_class_recall": {
    "id_100": 0.0,
    "id_200": 0.0,
    "id_300": 0.7182908230723474,
    "id_500": 0.0,
    "id_550": 0.0,
    "id_600": 0.0,
    "id_700": 0.0,
    "id_800": 0.0,
    "id_7100": 0.0,
    "id_10000": 0.8167046230033408
  },
  "val_gt_pixel_counts": {
    "id_100": 1902003,
    "id_200": 2808908,
    "id_300": 9019195,
    "id_500": 512976,
    "id_550": 1976309,
    "id_600": 1138100,
    "id_700": 30968,
    "id_800": 566002,
    "id_7100": 11074438,
    "id_10000": 17714653
  }
}